1,27038183,辣眼看电视,P,40,2017-09-30 00:02:15,个人认为比夏洛更有层次，马丽简直喜剧界斯大林，笑声是制裁性的,7828
2,27038183,桃桃淘电影,P,30,2017-10-01 10:59:07,始终没办法喜欢开心麻花的电影，满场尴尬到不行。甚至在身体互换梗这个题材里，也不算特别突出的，笑点的打磨程度，远不如夏洛特，虽然那部也挺奇怪的。开心麻花的问题始终是，你能感觉到他们卖力在演，一直出戏。,3678
3,27038183,影志,P,40,2017-09-26 20:03:54,开心麻花回归纯粹的喜剧路线，马丽出场一开口就忍不住笑了…变身后进入女浴室的狂欢，达到全片最高潮，“好运来”莫名的喜庆，吴良太帅！2017版《你的名字》+《摔跤吧爸爸》+《激战》。“是不是有种恍然大明白的感觉？”哈哈哈…,4734
4,27038183,朝阳区白百合,P,30,2017-09-19 22:12:01,十一档票房冠军！比「夏洛特」好，马丽表演真的很厉害！要说Bug，可能就是拜师学艺后，练了那么久拳击的艾伦怎么还是一肚子囊肉，完全不符合人设呀....,4130
5,27038183,刘十九,P,40,2017-09-30 00:07:23,事实证明，只要价值观不歪，开心麻花的喜剧还是很上乘的,3812
6,27038183,海边的卡夫卡,P,30,2017-09-30 21:09:10,薛皓文和樊野长得一毛一样！！！,1682
7,27038183,杨欢喜Metiche,P,10,2017-09-30 20:38:49,太可怕了。周围所有人笑到抽筋癫狂背过气儿，然后我在中间看着银幕像个傻逼，史上观影经历最魔幻现实的一次。,1813
8,27038183,小烨,P,50,2017-09-27 10:09:05,抱着打三颗星的预期看的，没想到这电影给了我五颗星的惊喜。真的好看，把反转运用到极致，笑点密集，差点笑断气。好电影能说服你吃下一切剧情，性转CP我吃下了，两个中年大老爷卖腐我吃下了，连杀马特耍帅我也吃下了……马丽太帅了，沈腾帅不过三秒，全片都很酷，燃得我都想去打拳了。,2727
9,27038183,黄青蕉,P,40,2017-09-26 18:56:01,剧情老人设老桥段老，但是没耽误好笑，男主演得居然真可以，娘得自然娘得清新，有的角度还有点像盗版李易峰。鼓励性四星,2053
10,27038183,王大根,P,40,2017-09-30 21:47:16,尹正那五秒客串太令人心痛了！已经从一剪梅变成一剪肥了！,1381
11,27038183,大海里的针,P,40,2017-09-26 21:30:15,没有生硬的堆砌网络段子，没有尴尬的零演技小花鲜肉，没有像群英会一样请大牌演员客串......也许开心麻花没有做的特别优秀，但是犯的错误比同行少，就已经成功了一半吧。长评：https://movie.douban.com/review/8835503/,1518
12,27038183,马田史高,P,10,2017-09-14 01:27:57,开心麻花的东西说实话，不叫电影,1129
13,27038183,我爱罗宾,P,-time,2017-09-30 11:00:22,全程保持尴尬又不失礼貌的微笑,1128
14,27038183,m89,P,20,2017-09-30 12:27:18,大失所望，连这种身份互置喜剧的平均水准都达不到，所谓演过好几百场、千锤百炼的笑点全都是廉价无聊老掉牙的性笑话和周星驰。亏得马丽和艾伦老师的演技撑场啊，否则就是一星的货。对了，再重申一遍，驴得水不是开心麻花的作品。,1056
15,27038183,小时候可牛B了,P,20,2017-09-30 01:20:36,非常老套也非常尴尬的喜剧，真的受不了沈腾夸张的表情，不，是所有演员夸张的表情,918
16,27038183,刘小黛,P,10,2017-10-01 00:03:49,相比驴得水，这才是最不像电影的作品。段子老梗堆砌，动作表情浮夸用力，某几处确实好笑，可是没有留下像马冬梅之类的深刻桥段。惯用停格后的转场制造笑话，上山学艺把剧情引向更无逻辑的梦幻童话，完全不用猜的一路到底大欢乐。一剪梅出场被滥用，感觉再次被消费，还能有一点点深意吗？还不如缝纫机呢,683
17,27038183,华盛顿樱桃树,P,20,2017-09-26 23:55:29,只有沈腾的部分好笑，其他部分真是腻歪。主要是这个互换身体的老梗并没什么新花样～还有最致命的是全片审美太low了…,699
18,27038183,北瓛,P,10,2017-09-30 11:03:32,没有找到哪怕一丝一毫的亮点，一下也没笑出来，十一档看了两部踩了两颗雷，心疼电影票钱,689
19,27038183,二月鸟语,P,40,2017-09-22 11:46:28,6.8/10三星半，真正的喜剧，旁边的导演朋友和周黎明全程都笑岔气了。类型和定位很明确，开心麻花每部电影的背后都是上百场舞台剧的演出经验，剧本的笑点每场都在根据观众的反应在调整，上百场之后绝对是一个笑点密集的喜剧剧本，电影拍起来会容易很多，虽然剧作也偏弱，但已经是这个档期最好喜剧片了。,753
20,27038183,很爱很爱老咪,P,10,2017-09-30 19:11:45,夏洛虽披着扭曲的价值观强行“感动”令人尴尬，索性还有不同凡响的笑料，这次抛弃情怀直接裸奔，预告片将全片笑点一网打尽。娘娘腔梗是主线，人物精分随手就来，变身后缺乏性格转变的挖掘，女主“被利用”这个很关键的节点竟然毫无说明糊弄过去了，情节像其中毫无眼泪的干嚎哭戏一般虚假、无趣、粗糙。,533
21,27038183,亵渎电影,P,20,2017-10-02 15:40:56,乍看之下套路好像都对，但仔细一想，问题一大堆的类型。山上的部分是这部电影最大的败笔，尴尬至极。在男女换身上，从剧本到演员，对换身这事的理解和利用都很糙。反正一切都是为段子服务的，硬挠你笑，无论怎么看，我都喜欢不来了。,363
22,27038183,琦殿,P,-time,2017-09-30 15:30:56,马丽艳光四射，超越了女星的美。,328
23,27038183,大奇特(Grinch),P,10,2017-09-13 21:55:59,男女换身本就是个相当陈旧的题材，笑点也不高明，除了马丽的表演有一些细节，沈腾有自带的喜感外，全程尴尬。,363
24,27038183,purple_yaksha,P,30,2017-09-30 21:44:19,马丽澡堂那场戏的表演，在女星里也是殿堂级的,434
25,27038183,黄哈哈,P,50,2017-09-30 13:36:00,"影院里大家“哈哈哈哈哈哈哈”笑完一波，有个没收住的女孩子又“哈哈哈哈哈”了一波
然后大家就又“哈哈哈哈哈哈”了一波  超开心的！",495
26,27038183,Violin.,P,50,2017-09-29 17:04:52,看了点映。全程笑点不断，而且完全不尬，是真的逗，bgm也都恰到好处，乐的我出了电影院还在回味。大情节上确实有俗套的地方，不过这已经不重要了，重要的是，下了班喝了酒的晚上 看了这样一部电影，觉得轻松又快乐～ 多一星给当天晚上的我们。,708
27,27038183,Doze 豆子,P,20,2017-10-01 01:13:14,太可怕了，烂片都开始互相致敬了,395
28,27038183,乌鸦火堂,P,40,2017-09-27 14:12:01,3.5星吧，开心麻花电影感最强的一部，但还存在佳句多于华章的老毛病，前15分钟略显尴尬，后面水银泻地般的“错位”笑料才是亮点，学艺段落爆笑指数达到顶峰，随后故事张力增加，是全片最像电影的地方，但笑料稍逊，融合竞技元素带来固定燃点，镜头感很强。摔爹+你的名字，好运来、秀念、老鹰蜜汁笑点,397
29,27038183,姨妈的鸭,P,40,2017-10-04 21:42:12,好运来那节我可以笑到过年。,281
30,27038183,Sannyas,P,20,2017-09-30 15:09:10,看的尴尬癌就要犯了,363
31,27038183,同志亦凡人中文站,P,30,2017-10-06 12:45:50,换身梗、学艺梗，局部好笑、整体冷漠。这年头要找一部言之有物的喜剧也不容易啊，感觉全世界的喜剧创作都进入死胡同了...,123
32,27038183,静待花开,P,50,2017-09-19 14:33:21,剧情老套，台词低俗，但是那又什么关系，电影为什么一定要搞得高大上晦涩难懂，全场观众从头笑到尾，笑出眼泪不就够了么，强力推荐铁拳,468
33,27038183,张佳玮,P,40,2017-10-10 16:40:40,“原本支持拳王的观众都转过来支持主角了”、“到了现在，我也想看看不败拳王输掉的那一刻”、“他是不要他的拳手生涯了吗？”——编剧对《Slam Dunk》是真爱啊。,129
34,27038183,易老邪,P,10,2017-10-01 21:17:34,剧情狗血、段子烂俗、笑点肉麻、全片无聊乏味尴尬至极，与《夏洛特烦恼》完全不在一个档次上。,279
35,27038183,李野,P,50,2017-09-27 11:48:36,好看好看 今年最好笑的喜剧片,356
36,27038183,纬誺,P,10,2017-10-01 20:15:07,很好，以后中国电影就指着这种东西振兴大业了，部部卖它个五十一百亿，人人有钱赚，繁荣共强，何乐不为。,185
37,27038183,安静,P,10,2017-09-30 15:03:51,太垃圾，沈腾的笑点就只有预告片那点。还是没有缝纫机乐队的好看。。。。,292
38,27038183,what'swilliam,P,30,2017-09-30 10:40:17,3星半吧。一剪梅男孩客串是惊喜，整体从故事梗到各种笑点梗都太老了。。。然后马丽“变性”之后的反差弱了很多，因为她本身就是爷们性格啊。。。前年夏洛教煎饼侠什么是“没有对比就没有伤害”，今年我觉得反过来了。,220
39,27038183,为人帅表,P,30,2017-10-01 14:56:04,艾伦不太敬业啊，这一身大白肉……,133
40,27038183,丝丝细雨168,P,20,2017-09-23 11:34:27,"全程都在笑,不过笑点很低俗",260
41,27038183,荔枝超人,P,20,2017-09-27 13:17:58,各种类型大杂烩，只为一心取悦观众，这种创作初衷是很好的（不像隔壁某鸟硬生生塞进一堆歪瓜裂枣的个人好友完成自己私人的“梦想”）。不过个人感觉（非开心麻花粉）叙事流畅度和笑点都不如【夏洛特烦恼】。,167
42,27038183,痞影人科莱昂,P,30,2017-09-30 11:05:20,及格，在探索喜剧这条路上，现阶段国产中还没有能做的比开心麻花更好更接地气的，在俗与雅之间找到了一个很好的平衡点。你看，人家也不是专业出身，照样开始慢慢摸到了门路。想问下其他转行拍电影做喜剧的人羞不羞。,160
43,27038183,迷宝,P,30,2017-10-04 18:37:46,演拳击手的男演员 能不能提前个一年半载的练练真正的胸腹肌肉 满屏大白肉看着尴尬死～,80
44,27038183,如墨画卷,P,50,2017-09-23 23:58:36,一场脑洞大开精心策划的换身笑料，一个奇思妙想融入多种元素的告白，然而在我看来影片主要说的是关于选择与被选择，坚持与被坚持，正义与非正义，理解与被理解之间的较量与人生哲学；在物欲横流的时代，每个人的生活都不能自己去掌控，而我们所能做的，或许只有用自己的“拳头”去决定属于自己的人生。,249
45,27038183,团小纸,P,40,2017-09-26 23:13:12,拳拳打到笑肌的笑点，而且不讲价值观只说了些梦想励志的事情，正直许多。高潮的地方电影院是肯一边笑一边鼓掌的，这大概就是好喜剧的模样。和《夏洛特》比，艾伦瘦了，马丽老了，沈腾胖了，开心麻花还能继续~,173
46,27038183,Jorrow,P,20,2017-09-30 20:49:32,换身的梗真的是烂，可偏偏又百试不爽。只是一个点子衍生出来的小品式作品，再东拼西凑一堆硬挠你胳肢窝的笑料。也许不是开心麻花的名头，会扑街吧。相比而言，我反倒觉得夏洛特烦恼更像一部电影。,143
47,27038183,徐若风,P,20,2017-10-02 19:10:45,#国庆档国片票房冠军&品质最差# 话说，今年中国高票房的尬笑美学电影都可以集体出个笑点集锦了。,77
48,27038183,小川叔,P,50,2017-10-01 22:03:37,看完了羞羞的铁拳，我觉得，全程特别好看！一直看到mv结束，从一个商品来说，他是合格的，到结尾的时候莫名其妙的燃是怎么回事？只有我一个人觉得，吴良特别帅吗？觉得吴良帅的人请点赞。最可惜的是常远。我看的话剧版就是他演的。更可惜的是艾伦，虽然我看出他已经在努力减肥，但还是不像个拳手。,102
49,27038183,大大舌头,P,40,2017-10-22 15:12:08,沈腾咣当一跪，跪出亿万票房,1
50,27038183,南悠一,P,20,2017-09-30 10:34:21,好笑而不好。电影语言上是非常不及格的。但我还是全程笑了，艾伦是不错的。前半部分男女换魂有太多旧片了，正经的《女男变错身》跟这个极像，不新鲜。不过它加入了一些拳击比赛的情节，所以尽管前半段看似笑料多，实际上后半段更扣人心弦一点。作为一个话剧剧本，故事尚有上升空间。,120
51,27038183,小岩井,P,40,2017-10-03 12:37:32,包场看电影的感觉真好，一个人想怎么笑就怎么笑。剧本很弱，演员功不可没，不开心了挺久的，久违的大笑。,51
52,27038183,寓目,P,40,2017-10-06 19:54:44,唯一的bug就是爱迪生身材太烂了……,39
53,27038183,汤川影业,P,20,2017-09-22 08:57:15,说不上烂片，挺搞笑的，但是全程无厘头得闹腾加上浮夸的表演，聒噪得耳朵疼,132
54,27038183,时间之葬,P,30,2017-09-28 21:44:52,属于那种精准地满足普罗大众喜好和需要的流水线定制品,49
55,27038183,托尼·王大拿,P,20,2017-10-03 00:07:08,饺子皮挺新鲜的，饺子馅就有点过期了，但这香精添加剂什么的呼啦啦一掺，也尝不大出来哪有问题。,46
57,27038183,妙可中国,P,20,2017-10-02 15:04:36,对开心麻花的喜剧完全不来电，这部当然也不例外。最有意思的莫过于沈腾那惊世骇俗的一跪，其他的，感觉像是看了部二十年前的港片一样。,31
58,27038183,马 夋,P,10,2017-10-02 17:47:13,尬且俗，既然一如既往的把雄性娘化标签化的嘲笑，那应该一如既往可以保持对这类直男癌标签化的厌恶。,46
59,27038183,恶魔的步调,P,40,2017-10-01 01:39:11,居然性转＋拳击…有种浓浓的漫画改编感…上山修修的桥段看着好像某集麦兜…,30
60,27038183,好痛,P,20,2017-09-30 14:51:24,"笑点还算密集
勉强多给一星

完全不理解《夏》之后
开心麻花怎么会成这样
于我天朝平均水准的尬片差别不大",98
61,27038183,可不好养了,P,50,2017-09-30 11:23:29,我是真的太喜欢开心麻花这个团队了，从寂寂无名到现在的大红，几乎每部作品都认真对待精心打磨。这部比《夏洛特烦恼》还好看，全程笑点，笑得差点捶墙，而且层次感很强，是超值回票价。,116
62,27038183,赛珞璐,P,20,2017-09-30 17:08:10,两星半吧,56
63,27038183,H2O.,P,50,2017-10-02 21:00:37,我头都笑痛了。,55
64,27038183,梦里诗书,P,40,2017-09-26 22:04:23,作为开心麻花的第三部电影作品，《羞羞的铁拳》在风格上显得越发成熟了起来，其用男女身体互换引发爆笑，一击撕开黑幕的铁拳，又将正义美好的光芒照亮人心。如此一击正中笑点的“羞羞铁拳”，无疑给人带来了很大的惊喜，也让奔着爆笑喜剧来的我满意而归。,127
65,27038183,撒旦的表妹,P,40,2017-10-02 20:57:53,3.5 看得很开心！“你没打怎么就知道打不过我，我可好打了”常远太可爱了哈哈哈,44
66,27038183,内陆飞鱼,P,40,2017-10-01 23:15:32,《夏洛特烦恼》《驴得水》《羞羞的铁拳》“开心麻花三部曲”，从室内舞台到大银幕，从布景到实景，三个创意十足的名称，走出了一条不一样的改编之路，从喜欢值来说，个人更喜欢《羞羞的铁拳》，话剧腔已经降到最低，对现实的架空也少了，对制作的依赖也更高，剧本创意不拘一格。,31
67,27038183,Pegasus,P,20,2017-09-30 15:03:52,大众刚需 符合一切之前的期待 一切剧作安排为了好笑 结果也就只有好笑了,57
68,27038183,你看起来很美味,P,50,2017-10-01 19:27:06,真的很好笑！！！演技也不错。艾伦真的好娘啊哈哈哈哈哈哈哈笑死,42
69,27038183,陆支羽,P,30,2017-09-28 13:20:09,3.5。1.肯用心创作，才能走得远，没有别的套路。2.男女互换身体虽为老梗，但开心麻花玩得挺带感，细节抓得好。2.上山修炼部分，剧作上略显别扭，笑点也有点刻意；但整体依然比《夏洛特烦恼》更有电影感。,58
70,27038183,水怪,P,20,2017-10-02 23:38:11,这片子不知道为什么在相交前作的情况下，应该是追加了很大的投资，但整体看上去特别廉价，大概是人员费用的泡沫吧。内地的喜剧片如果只是追求这种逗笑的桥段，而非从剧本和人物内核上去努力，基本又会进入长期的尴尬喜剧陷阱了。,24
72,27038183,双喜,P,50,2017-09-25 21:39:19,可以说是秒杀这两年所有的喜剧片，一起去的朋友之前看简介其实挺不屑的，“都是老梗了，没什么料的”，但看的过程中不断被打脸，因为这部电影真的非常“不套路”！笑到腹肌抽筋！,93
73,27038183,29°,P,40,2017-10-02 23:28:22,从头笑到尾，合格了。不需要给我讲道理我就是去开心的,32
74,27038183,芦哲峰,P,30,2017-09-30 18:21:01,万年老梗结出新笑果，演员有功力，笑点很密集。,29
75,27038183,mlln,P,40,2017-10-01 17:13:18,沈腾一说话我就想笑。,53
76,27038183,无心听雨,P,20,2017-10-05 21:09:09,真的不觉得这部电影值10亿票房 不好笑也不娱乐,47
77,27038183,江湖骗子舔江湖骗子,P,50,2017-10-01 20:44:06,插曲《从前有座山》是谁写得呀，怎么那么好听呢？是衣湿吗？【电影4星，前半段笑点密集，演员演技很赞。,13
78,27038183,方枪枪,P,30,2017-09-30 11:01:22,虽然身体互换的创意比较老套，但的确很有喜剧表达上的优势，尤其又是拳击这样戏剧张力很足的料打底，而且关键这又是开心麻花擅长的那一类题材，在逗观众开心上这个团队还是厉害，关键还很自然，比《缝纫机乐队》笑果更好。3.5,30
79,27038183,徐小亮儿,P,20,2017-10-02 16:33:07,"“我这么卖力地表演，你丫儿快笑呀，不笑不是正常人！”
各种一惊一乍，装疯卖傻，胡拼乱凑，七荤八素，比《驴得水》《你的名字》差了N个《夏洛特烦恼》。上次消费《一剪梅》，这次尬拼《好运来》，下次会是哪位老人民艺术家呢？",38
80,27038183,乐謭,P,50,2017-09-30 00:02:27,国产喜剧做成这样真的很棒，包袱和梗都特别多，用得特别妙，全程笑了无数次。虽然是男女换身的题材但是不老套，不低俗，开心麻花确实功力深厚，艾伦和马丽这两位演得也真的不错，沈腾真的太妙了，太出彩了，五星推荐。,84
81,27038183,河狸,P,30,2017-09-30 21:42:49,三星半。如果没有《夏洛特烦恼》和《驴得水》，本片也许会给四星，但是因为有了前两部作品，所以这第三部就显得有些诚意不足，笑点密集但是刻意，不如《夏洛》的笑点随着剧情水到渠成，煽情和反思又不及《驴得水》，故事结构甚至还不如《一念天堂》。,19
82,27038183,Allie,P,40,2017-09-30 14:33:03,没有夏洛笑点密集，但还是超过了我的期待值。特别老套的男女互换的点子，也能玩的很新鲜很嗨，麻花真的很厉害。喜欢一剪梅夫妇的穿越客串。为马丽打call。,18
83,27038183,释凡,P,40,2017-09-30 18:11:27,男女交换身体，撕开假拳黑幕，欢喜冤家智斗渣男，马丽女汉子，艾伦娘得自然，沈腾冷面笑匠狂抖包袱，高速公路发小广告撞死人，哀乐都很逗，桥段不算新，但金腰带拳王恶搞到时很《激战》那劲儿，追求就是让人肆无忌惮去笑，恶搞摔爸+你的名字，好运来、秀念、老鹰疯狂恶搞，难怪开心麻花喜剧票房老夺冠,42
84,27038183,风间隼,P,20,2017-10-06 15:29:53,只有羞羞没有铁拳，人家《缝纫机》好歹还有流行歌和美女，这片的动作戏跟艾那谁的身板儿一样松弛。通篇都在打软色情擦边球，包袱既不塑造人物也不推动剧情，就是纯咯吱人，好玩的几个笑点都在预告片里了。只有三人喝粥一场还算有点戏味儿。,14
85,27038183,老妖,P,40,2017-10-01 22:24:03,很好看。笑料都在点上。可能最大的槽点在，男主的身材看起来太柴了，不大像拳击手？？？,26
86,27038183,康报虹,P,30,2017-09-30 15:52:53,红鲤鱼绿鲤鱼与驴！,26
87,27038183,SELVEN,P,30,2017-09-30 13:28:42,60/100 从“羞羞的铁拳”可以轻易看出电影的优越性，在话剧里那些死气沉沉的拳击戏在大银幕上变成了趣味极强的画面，但同时一旦剧情认真严肃起来，观众们除了心照不宣的等待最终那个必定会出现的正能量结局以外，也就没别的事可以做了。,9
88,27038183,斯齊佐飛力尼克,P,40,2017-09-30 23:21:53,第三部了，开心麻花用实力证明他们的电影都值得上电影院一睹，因为整个电影院的人都真的笑得很开心，尽管和《夏洛特烦恼》一样，很多笑点都恶俗，剧情经不起推敲，但是能让人在电影院笑得这么开心的就是一部出色的喜剧。,28
89,27038183,藤原次郎,P,20,2017-10-01 03:25:28,开心麻花是大陆唯一没有周星驰影子的喜剧团队。,36
90,27038183,西楼尘,P,30,2017-10-01 13:52:35,道德圣人艾迪生在屋内信仰崩塌满脸通红，事不关己的马小在屋外双手插兜吊儿郎当，有那么一刻恍然觉得，马丽和艾伦是真的互换了身体。明明看的是喜剧，心里却有点难过，多少小人物卑躬屈膝打碎了牙往肚子里吞，多少沉冤无法昭雪。便只好用这样无稽的狂欢，掩盖深夜把酒言欢的落寞，弥补那些错过的情深。,33
91,27038183,不良生,P,20,2017-10-08 13:51:45,俗流老笑梗大杂烩；中后段有些疲软。,8
92,27038183,Jeannels,P,10,2017-10-02 23:25:12,中国人终于拥有自己的邪典片了！,22
93,27038183,支离疏,P,30,2017-10-02 17:43:13,还可以吧，虽然各种套路与煽情依旧不适。最大的bug就是艾伦的身材，一个格斗选手这样的身材简直是犯罪，让吴良输得不服。太误导了。,17
94,27038183,7酱™,P,40,2017-10-02 22:05:39,还挺好笑,6
95,27038183,蚂蚁没问题,P,40,2017-10-03 22:29:48,有点像早些年还不那么政治的春晚小品，假，花哨，但排练过无数遍，知道怎么挠人，能让最大量的观众笑,6
96,27038183,蜉蝣渡海,P,30,2017-09-30 17:52:32,70/100.预计今年十一的票房之霸就是这部了!前半段时间笑的我眼泪都出来了!奇幻变身+运动励志，都不是新题材，但是胜在马丽的表演太棒了，她演的不是女汉子她演的是个纯直男!,29
97,27038183,皮革业,P,30,2017-10-02 22:23:03,十一住乡下，最近的影院要十几公里，在个新开的Mall里，影院音响很渣，更渣的是观众，打电话小孩叫的，中间有个家长打开了闪光灯，崽子一直在银幕上比划手影……这样的环境就需要这样的电影——麻花就是有中国特色的vaudeville嘛。,10
98,27038183,心生,P,30,2017-10-02 11:54:24,设定不新鲜，且没能基于老设定玩出更多新花样，“笑果”一般（泳池边互相电那段够逗），整体亮点不够多。艾伦的身材演这个角色在打的时候有点让人出戏，不过打成这样够可以了。马丽显然很适合这样的角色设计，发挥自如。还是期待未来开心麻花能带来更好玩儿的作品。,9
100,27038183,贝塔先生,P,30,2017-09-30 22:55:00,三星半，艾伦演什么角色都和角色交融在一起。,11
101,27038183,狄飞惊,P,20,2017-10-06 00:18:27,我一直不喜欢开心麻花，无论三部电影还是两季欢乐喜剧人，他们的路数有点像黄金时代的香港喜剧，剧情潦草而又笑点堆砌，怎么搞笑怎么来，但求乱拳打死老师傅，至于细节和情节是否匹配合乎逻辑，统统不管。其可取之处在部分段子的原创能力上，它容易使人一叶障目，以为自己被逗乐了电影自然就是好的。,13
102,27038183,薛三弟,P,50,2017-09-30 20:48:34,笑死我了，沈腾太能整景了。马丽演的蛮拼的，把汉子的豪爽演的非常不错，不愧是东北老娘们儿。另外，感觉小受们能喜欢这片子，毕竟男配吴良一看就是个精壮渣攻。,25
103,27038183,沐风而遇周星星,P,30,2017-10-18 13:00:52,梗虽然有点老，但笑点是有的。马丽挺不错，能搞笑，能正经。中生代女演员里面。马丽和闫妮戏都挺好。,3
104,27038183,锐利修蕊,P,30,2017-10-03 19:22:17,到了第三部，终于没有人再去计较话剧是不是该改编成电影，因为面对烂片面面相觑，这个问题显然不是问题。憋到这里有点回顾前两部总结的意思，依我来看，这部喜剧国庆上映，反而以某种形式迎合了不同观众的需求：图乐呵的看过就忘，看输赢的依旧追捧媒体和权利，只有极少数人回头棒喝，最后又无奈收场。,5
105,27038183,我要复仇,P,40,2017-09-27 07:53:05,嬉笑怒骂、幽默滑稽之余，喜剧电影是成熟的电影类型容易被人忽略。经过话剧和《欢乐喜剧人》的不断锤炼，专攻喜剧内容的开心麻花在这方面已经驾轻就熟，不断深化进军造星。新作《羞羞的铁拳》以身体互换的喜剧套路，讲述了艾伦和马丽这对欢喜冤家智斗渣男的爆笑故事，两人的反串表演异常抢眼。,67
106,27038183,shininglove,P,30,2017-10-11 19:58:31,拳脚比赛已经彻底分不清楚，脑内快剪叠成一片:感觉开心麻花一拳下去打倒了鼻青脸肿的安藤樱，一个鲤鱼打挺又击垮了阿米尔汗的女儿，迈过汤姆哈迪的肌肉，笑傲全世界。,4
107,27038183,Q。,P,20,2017-10-07 14:24:00,不算多讨厌，但也是尴尬全程。★★☆,13
108,27038183,和也也也也也n,P,40,2017-09-30 23:26:29,又是一个可能每个人都曾幻想过的“老”梗 演技在线 喜剧可以不尴尬太不容易啦 散场上厕所都听到有人在唱好运来 噗,11
109,27038183,法兰西胶片,P,-time,2017-09-23 20:28:05,会改变很多“夏洛黑”的看法,30
110,27038183,燕子坞主人,P,30,2017-10-04 22:42:57,藏最深的梗是马东，如果你还记得马冬梅，还看过《饭局的诱惑》,8
111,27038183,有意识的贱民,P,20,2017-10-01 01:51:49,看完只能说预告片剪得不错，把笑点一个不落全放进去了！那正片其余的部分呢？无聊到爆炸。,27
112,27038183,天籁zzz,P,40,2017-10-08 18:26:52,舞台剧本电影化完成度有进步，相比夏洛价值观存疑、驴得水荒诞幽默，铁拳是个自我消解的热血励志故事，简单粗暴受众更广。互换身体的老梗被表演赋予生命力，傻帅大春掉了10k（依然像只白斩鸡）娘得清新脱俗，短毛帅炸man得浑然天成的马冬梅让人忘掉玛丽get到苏，知道沈腾帅不过三秒所以我第一秒就笑了,1
113,27038183,颜小兽,P,-time,2017-09-27 01:46:15,好玩蛮好玩的啦，好笑蛮好笑的啦，就是确实看完了记不住，没关系啦，就当买一个半小时开心啦。,10
114,27038183,小英雄Veronica,P,10,2017-10-08 10:58:20,评分要不要这么搞笑...电影巨烂...无论看没看过话剧,16
115,27038183,jj73浅之,P,30,2017-09-21 12:40:08,夏洛特太聚焦男女关系，暴露了他们的三观缺陷。羞羞很讨巧，拳击体育题材的励志中和了夏洛特的缺点，喜剧节奏和表演、创意剧本麻花本来就过硬，而且跟夏洛特跟驴得水确实都不是同类题材的东西，观众既能爆笑又能获得新鲜感。他们太了解观众太需要什么了，喜剧谁撞麻花基本都是死，三星半,28
116,27038183,安德烈大叔,P,20,2017-10-07 22:25:24,看到一半携友离场，实在是受不了。国庆档真乃捞金池，难怪小刚哭的稀里哗啦。,9
117,27038183,给你我最亲爱的,P,30,2017-09-30 21:00:12,7分，有的7分是四星的品质，有的7分是三星的品质，铁拳属于后者。总之还可以吧，不过桃花岛主（自带BGM的男人）出现还是挺意外的。,2
118,27038183,莫莫先生,P,40,2017-10-04 11:45:00,中式喜剧版《摔跤吧爸爸》√ 最直观的表达就是：好看！没想到艾玛超有西皮感hhhhh！剧本写得好，练拳拍拖摸鱼熬鹰没烦恼！PS：豆瓣中秋快乐！٩｡•◡•｡۶,3
119,27038183,摇滚蓝,P,-time,2017-09-30 23:59:49,2017.9.30 19:55@万象城,1
120,27038183,麻绳,P,30,2017-10-14 08:40:16,运动喜剧类型不错，但观影感受不如《夏洛特烦恼》，笑料比较单调，全靠高潮段落撑起来。,4
121,27038183,黑狗成低端人口,P,10,2017-10-07 09:31:37,一身肥膘出来戴主角光环戴你妈卖批。,10
122,27038183,正义B胜,P,20,2017-10-03 13:47:24,太糙了，真的太糙了。换身梗就这么随随便便玩玩，故事更是凑合，上山那段都特么什么跟什么啊，尴尬至极。。全程冷漠脸，不怪麻花水平低，可能真的是老子，品味太高了吧。,21
123,27038183,菠菜,P,40,2017-09-30 17:18:08,第一次看这个类型的笑死我了，还被拉我去的朋友嫌弃笑点太低。,13
124,27038183,所有团的团长,P,50,2017-09-26 20:18:41,前半程基本笑劈叉，没有缝纫机那么多屎屁尿，完成度不错的喜剧。档期冠军没问题。,57
125,27038183,梅山君,P,40,2017-10-01 01:13:18,哈哈哈哈，被笑声包围的我显得毫不寂寞，我也笑的很高兴，我大概很喜欢看这类的电影。全场只有妹妹显得特别烦恼，因为她没有打开出租屋的热水器，并且还被我发现她偷偷用防脱发洗头水。,29
126,27038183,慕鸥,P,-time,2017-10-03 07:23:27,整体无聊的性别倒错游戏,13
127,27038183,胡月,P,40,2017-09-30 00:49:34,以前我对喜剧最高境界的定义是笑着哭，现在该改成哭着笑。能让人笑也是不错的，中国还有帮人在认真的做电影，真的是认真的做。女主要换个颜值高的就给5星如倪妮，马丽虽好，但还是喜欢长得好看的美女，减1星,31
128,27038183,夏奈,P,40,2017-10-08 15:31:18,还蛮好笑的耶,3
129,27038183,不是你的大王,P,50,2017-10-09 10:17:27,以前就觉得艾伦帅 但是怎么老演傻子 这次真是帅气到爆炸！燃鹅并没有玛丽帅！开心麻花告诉我们长得好看也可以当喜剧人！我不要看宋小宝那样的！,6
130,27038183,yy.x,P,30,2017-10-01 00:12:34,首先 不能说它烂 不烂 但是也不完整 就.......挺好笑笑完就忘了，刚及格的爆米花电影吧。沈腾飞下来跪地上那一幕应该是全片最好笑的吧~,4
131,27038183,陈朝,P,30,2017-10-14 00:08:56,技术活哈，都是打磨多年才电影化的，第二部已经十分不密实了。担心还有没有第三板斧。,2
132,27038183,巴鸡！,P,30,2017-10-01 19:27:37,觉得没有《夏洛特烦恼》好看 始终爱不起关于拳击的电影…包括那什么摔跤了爸爸,8
133,27038183,鲸鱼君,P,30,2017-09-30 22:46:36,《羞羞的铁拳》：为了不让喜剧背负高雅和低俗的争论，开心麻花这次弄了一个让人挑不出刺的剧本（言外之意就是比较中庸）。男女互换身体引发的性别倒错是喜感的来源，马丽的女汉子本色得以极大发挥，娘娘的艾伦令人喷饭，相比之下台词上的包袱就较为弱化了。只可惜沈腾戏份太少了，没看够好不好。★★★,8
134,27038183,birds,P,20,2017-09-30 14:39:25,开场的设定排斥无比，多少人拍过了！就跟春晚小品，一个俗梗有人爆笑，有人不痛不痒翻白眼。拳击题材向来苦大仇深，攒着劲想在结尾释放，超脱角色。喜剧性质和主创们肥赘的身材，让片子的拳击赛自然丢失了动人之韵。最好的地方是收尾的转换，两个人纠葛矛盾，职业的重拾，都在那一刻柳暗花明。回想很差,15
135,27038183,潇雨,P,30,2017-10-06 22:50:02,其实我个人感觉，那就是马丽一直以来给我的感觉，就是稍微夸张了20%，那个男主的拳击手身材也太平庸了吧，我说~，有些许笑料还是挺意外的，总体来说差强人意吧~,2
136,27038183,Summer,P,30,2017-10-13 14:28:32,各方面都很套路，最好玩就是上山学艺的部分。马丽怎么越来越像闫妮了。。。,2
137,27038183,novich,P,30,2017-10-12 15:15:34,我看得浑身不舒服，至多是冷笑几声，不料小朋友倒说挺爱看的。,3
138,27038183,毛香菇,P,40,2017-10-02 16:17:03,目前为止。国内喜剧应该没有能超越开心麻花了。竟然觉得艾伦hin帅……,22
139,27038183,JUMP一番,P,40,2017-10-01 15:07:22,三星半，其实还行。虽然俗套，但是还挺好笑的。,5
140,27038183,沐梵,P,30,2017-10-11 19:29:44,开心麻花喜剧节奏是令人叹服的，包袱的张驰、表演的拿捏都很到位，电影感较前两部有所改善，但故事上是套路满满的乏味感，代入感比不上重返青春的《夏洛》，思想纵深又远不及讽喻的《驴得水》，没有共鸣、没有回味，短暂呵笑后便可抛诸脑后，且高速发传单和熬鹰两段价值观太有问题。,3
141,27038183,mumudancing,P,20,2017-10-07 12:39:08,…………,9
142,27038183,向简,P,30,2017-10-06 21:06:20,姿势标准的类型片，无大伤。优点你G点，缺点你不care，就会打好评，反之j就差评；悲剧你哭泣，喜剧你爆笑，就算尽人事；你如不吃它那一套，它越典型，你就越腻歪，而烂片是让吃它那一套的人都失望，此片显然没有。（上次麻花来袭，是15年国庆，刚救吾先生，夏洛就烦恼，萧瑟秋风今又是，救了刘先生。）,3
143,27038183,巫婆,P,-time,2017-10-02 02:24:54,没法评分。我的确从头笑到了尾，可是又觉得笑得有些丢人，有点看不起自己的笑点……,5
145,27038183,零分,P,50,2017-10-05 10:51:00,有时候，看电影需要深度，因为生活过的太平淡。有时候看电影就只需要笑，因为生活过的太惨,13
146,27038183,艺仔小太妹,P,40,2017-10-10 20:30:37,超！好！笑！最后铁T马丽抱住一众美女的画面可以说是非常赏心悦目了hhhh,5
148,27038183,老罗Richard,P,30,2017-09-30 20:07:26,互换身体老套路，俗梗凑剧情明显，整体笑点不如上一部作品。,7
149,27038183,鲸书,P,40,2017-10-03 22:57:32,不错！今年唯一的电影伴侣柳老师哈哈,5
150,27038183,乔小囧,P,30,2017-10-01 23:01:19,梗还是那些梗，但电影的完成度真的高。,3
151,27038183,Black Tulip,P,40,2017-10-03 15:42:34,看着搞笑一下不错了。相较于《夏洛》，因为缺乏一个梦的场景，所以有的地方就显得很扯很科幻。,1
153,27038183,小M,P,30,2017-10-08 19:22:13,其实还是觉得开心麻花很了不起，毕竟大家都真真实实坐在电影院里笑着，比那些无比尴尬的喜剧强得多。,3
154,27038183,孙强壮,P,30,2017-10-06 17:09:11,笑点有二，两次吃着爆米花爆米花喷出来,1
155,27038183,Hachiko,P,30,2017-09-30 17:21:02,远低于预期，「笑伤力」远不如《驴得水》的黑色幽默，也没有《夏洛特烦恼》那么接地气的抖包袱。除了高速路发广告等零星地方有笑点外，大部分时间都是硬挠胳肢窝，尴尬不断。,20
156,27038183,小宝君,P,30,2017-10-07 00:14:35,一般般啊哈哈哈不过以一种俗气的好笑让我很开心,7
157,27038183,肥嘟嘟左卫门,P,30,2017-10-11 14:44:38,电影感比以往有进步。刚交换身体时女主表演出色，让喜剧张力突出，最后的拳击比赛挺紧张真实。其余部分基本就是鸡血加狗血，上山一段尤其无聊。男主的身材毫无拳击手的说服力。主旨三观之类也无突出之处，但至少比夏洛特烦恼的直男癌好。,1
158,27038183,烟波人长安,P,40,2017-10-07 21:38:58,“高速路发广告这个训练太危险，暂时停止，接下来我们训练一下耐力。”“不会是……设计广告吧？”哈哈哈哈哈笑死我了,8
159,27038183,witch,P,40,2017-10-06 12:00:20,性别互换已是老梗 不得不赞叹两位主演的精湛演技 让电影不入俗套 期待开心麻花接下来的作品,1
160,27038183,直胖,P,30,2017-09-30 21:34:46,剧情俗套 笑料够足,3
161,27038183,舒农,P,20,2017-09-26 21:31:16,喜剧这个东西吧，就真的是见仁见智了。咯吱不到笑点确实没辙。,22
162,27038183,土狐垚垚零,P,30,2017-10-07 15:48:49,还行吧，笑点倒是诈尸放好运来…,1
163,27038183,獨孤島主,P,30,2017-10-01 21:29:29,感觉像是《花外流莺》和《化身姑娘》的合体加强版,3
164,27038183,阿久,P,40,2017-10-01 23:13:23,故事结构不清晰，包袱太多，有的笑点让人尴尬。但，管那么多呢，就是很好笑啊！哈哈哈,3
165,27038183,秦关,P,50,2017-09-29 13:54:36,其实这才是本片想要去探讨的一个命题：自我认识与自我和解。这个角度来讲，《羞羞的铁拳》当然不只是一部简单的喜剧。中间涉及到了正义与邪恶的转换、对立敌对关系到亲密合作的转换、自我和解与成长……而这样庞大的人物关系和故事推进是在观众的全程爆笑声之中完成的。真正做到了举重若轻、浑然天成。,5
166,27038183,妖孽坐地成仙,P,40,2017-10-01 21:21:50,电影只值三星，玛丽一个人值一星。故事简单但叙述流畅，笑点也不尬，BGM都太出彩了，好运来简直笑尿！,11
167,27038183,凌晓疯,P,40,2017-10-01 13:53:50,情节老土，演技堪忧，特效也没什么，但tm就是好笑啊,1
169,27038183,少年夏不安,P,30,2017-10-04 20:45:53,比夏洛特好，两个演员很棒。千锤百炼的剧本在现场效果确实很棒。,5
170,27038183,快乐王子,P,20,2017-10-01 13:54:23,一点不搞笑,24
171,27038183,节能君,P,20,2017-09-30 14:45:32,比「夏洛特烦恼」差太多，剧情太随意，笑点也没那么有意思,35
172,27038183,darkcat,P,40,2017-10-02 16:53:53,哈哈哈哈哈哈哈哈沈腾的卷帘门哈哈哈哈哈哈哈,7
173,27038183,yihan1010,P,20,2017-09-30 23:23:09,各种类型元素的一次大杂糅，互换身体的设定显然已经玩不出任何新花样，俩主角铁t和娘o的cp配对多少有些建立在丑化某类人群的基础上所带来的强行搞笑，作为舞台剧改编而言剧作并没有达到应有的水准，也只能勉强靠夸张的表演和零星的段子来获取观众尴尬而不失礼貌的微笑了。（47）,11
174,27038183,女神的秋裤,P,30,2017-10-05 12:58:54,哈 哈 哈 还可以,6
175,27038183,婴儿葛葛,P,30,2017-09-30 23:07:56,真的是一个演员和段子驱动的公司。剧本bug太多。尤其是关于“艾迪生被马小文章陷害”那段的揭秘，是不是编剧写糊涂了？弄不清谁是谁了？,11
176,27038183,萨库拉,P,20,2017-10-09 16:09:04,男女互换身体的桥段都是《转校生》玩剩下的。 仍然属于挠痒痒的喜剧初级阶段，不开心的中国人笑出来就好，无营养式温饱。但只论挠的技术，比《夏洛》都有退步，甚至比不上隔壁的《缝纫机》。喜剧的最高境界是悲悯，不过现在跟开心麻花说这个还有点太早。,6
177,27038183,LoVe,P,30,2017-10-01 04:56:39,笑点没有很多。,4
178,27038183,Soda兰,P,30,2017-10-02 00:13:51,异性换身体梗+小白的进击梗都实在太老了；完成度其实还不错，觉得艾伦演的比马丽好……拳王真的不是樊野？还是笑的蛮开心的，不过也确实不是啥高级的开心或审美。,4
179,27038183,Mr. Infamous,P,40,2017-10-06 23:55:08,哈哈哈，好好笑，麻花的作品真的能放轻松，如今不尴尬已是多难的境界，还能把老掉牙的故事整得这么鲜活。先看了话剧，仍有新鲜感，感觉把走正后的剧情给充实了，不过断了一个挺好笑的艾迪生师傅线。艾马腾以及田雨这帮人，是够逗的，至少三星半啦。艾伦小母牛般的呜咽，阴魂不散嗷～～～,3
180,27038183,Plauto,P,20,2017-10-02 23:12:35,跟缝纫机乐队其实一个路数，而且笑点更用力更尴尬，属于典型的卖傻型喜剧。在中国，“口碑”这词真不能瞎用的……,2
181,27038183,惊蛰小白,P,40,2017-10-01 03:07:39,“狗血、鸡血、热血”三血俱全，开心麻花这次又一滴都不少地祭出必杀技，他家的片子真是适合国庆长假来一个！休闲娱乐来一个！聚会饭后来一个！保证笑喷来一个……最后，讲真，马冬梅算啥，我可能要成为马小的迷妹了，那叫一个帅气外露的小伙儿！尤其公共浴室那段儿，简直是一朝看尽长安花啊～～～,5
182,27038183,小肥宝儿,P,50,2017-10-04 18:40:35,笑抽,1
183,27038183,洋葱,P,50,2017-10-07 16:59:36,开心麻花都这么好笑的啊，点赞！,1
184,27038183,神一样的puppy,P,30,2017-10-01 22:08:56,感觉没夏洛特烦恼搞笑，反正观影过程中没笑出声来😏，反倒是后面一排的某位家长带来的一个小孩笑得特别嗨，还被家长强行捂住了嘴😂😂。个人觉得开心麻花应该提高下电影取材的质量，尤其是笑料这一方面，别太低俗化,9
185,27038183,流氓大亨♨ 智者乐水,P,10,2017-10-01 01:04:35,老套无聊的剧情，庸俗廉价的笑料。观影受众绝大多数都是屌丝（无歧视），可是居然还歧视剧中的那几个杀马特屌丝徒弟（引用原话）。看到这么多人喜欢和笑疯，就知道走国屌丝太多了。和同期韩国《出租车司机》比，差太多，一个地下，一个天上。,20
186,27038183,ZeonGin Sou,P,30,2017-10-22 21:42:40,喜剧版《激战》。除了对白有趣，整体无比粗糙，俨如经过一轮锻炼后的艾迪生腹肌一般不靠谱。,1
187,27038183,阿阿阿悠,P,30,2017-10-07 23:06:49,确实有几段蛮搞笑，但属于笑了就忘了的那种，笑完也没什么意思。男主真的好像李晨啊！！吴良我以为段奕宏呢！！不过艾伦演得蛮好的，马丽是普通的女人扮男人，但艾伦感觉神情什么的都很到位了！总之大概期待太高，有点失望。,1
188,27038183,kiki204629,P,40,2017-10-02 21:16:22,笑点频密。有助于提升假期欢乐指数。男女互换身体的梗不算新鲜了，但结合了励志的题材，核心价值观没毛病。马丽老师浴室那段狂欢欣喜演技爆棚，活脱脱展示了每个男人脑洞意淫的画面。沈腾老师一出场就给跪了，卷莲门副掌门果然气度不凡。《好运来》这首歌，我以后估计一听就笑喷，又毁了一首好歌啊！,1
189,27038183,Panda的阴影,P,30,2017-10-23 20:52:37,如预期地不太喜欢，这种为了情节桥段搞笑而各种不要逻辑的故事真是让我全程吐槽无力，不过，没有《夏洛特烦恼》三观过于不正的嫌弃、也没有《驴得水》高口碑高失望的落差，《羞羞的铁拳》第一遍整体观感倒算是三部开心麻花作品里比较好的一部！话说「秀念给行驶车辆贴广告却被车给撞死」真是笑到我了！,1
190,27038183,杨三恨,P,30,2017-10-06 22:02:46,剧本挺好的，该有的都有，梗有点弱，不如夏洛特烦恼好，男主确实应该在拍摄前连连胸肌腹肌，这点不够太敬业啊,2
191,27038183,废切,P,40,2017-10-06 00:10:07,艾伦太让人出戏了，演拳击手好歹去练一下啊，一坐下就能看到三层游泳圈。。。,5
193,27038183,Rando,P,40,2017-09-30 22:43:06,中国做喜剧的只有两类人，“开心麻花”和“其他人”。作为麻花的第二部银幕作品，《羞羞》在剧作上不及《夏洛》，但在与观众对话的精准性、搞笑专业性、剧情流畅性、故事完成度上，它依然证明了麻花是中国喜剧界“舍我其谁”式的存在。,15
194,27038183,西帕克,P,30,2017-10-01 14:50:17,wax on ，wax off 那套现在依然还是挺受用啊。,6
195,27038183,喜悦姑娘的猫儿,P,30,2017-10-10 09:51:29,欢乐喜剧人捧起来的乔杉在隔壁拼命蹦哒也依旧如阿斗 这边开心麻花却蒸蒸日上。铁拳作为故事片来说故事讲得棒 剧本工整也有厚度 这得益于他们丰富的舞台剧经验 但笑点好像没夏洛多 并且我觉得上山训练那里可以再丰富一点 但无论如何 有艾伦和马丽等人在 电影怎样都不会差 她们演技真的太强了。,1
196,27038183,写剧本的李亦树,P,40,2017-09-29 19:26:59,整体效果不错，熬鹰的段子非常有趣,9
197,27038183,從來沒愛你綿綿,P,40,2017-10-07 20:51:03,喜剧片能做到让人从头到尾笑已经很不错了。整体剧情请不要多想。细节都是用过心的也不错。,3
198,27038183,過期貓糧,P,20,2017-10-03 17:04:16,夏洛特烦恼还行，这什么啊？老套的身体互换梗，不动脑子就知道是哪些料，很尴尬，我都不用剧透。这么多人四星好评我特别不理解，我想也许是年轻人没接触过这些笑点？,7
199,27038183,唐书钰,P,30,2017-10-07 18:49:14,还挺好笑的，卷莲门的部分，特别是沈腾的“副掌门”梗和最后熬鹰的呼应可以设置的更巧妙一点。除了马丽之外整部电影没有另一个值得一聊的女性角色，有些遗憾。,1
200,27038183,一只任豚F&R,P,40,2017-10-11 18:44:20,从一开始就困扰我的问题，拳王的臀竟然一点都不翘！不应该！太不应该！前半段笑点更加集中，虽然俗套的交换身体，但还是挺好的，哈哈哈哈哈哈,1
201,27038183,千寻亿选,P,30,2017-10-07 13:13:23,2017国庆最强档，男女换身、上山学艺、格斗复仇都是老套路。互换身体略显尴尬，而且对剧情竟然没有关键性推动；上山学艺过于无厘头，副掌门到底是大师还是骗子，马东为什么是掌门而毫无本事，秀念的死也有点出框；打拳复仇一眼看穿结局，毫无惊喜。马丽是少有放得开的女喜剧明星，难得。,0
202,27038183,莱尼圆,P,20,2017-10-05 16:41:58,有一些笑出声的桥段，比如沈腾那一跪，比如我叫马户。但大部分时间都很尴尬，男女身体互换是万年老梗了，虽说比较认可开心麻花团队的正面形象，但这种典型中国小品式的无厘头剧情和浮夸表演方式，再在片尾掺上一些刻意深刻又深情的套路，就忍不住地要出戏。要求完全不带脑子去看一部电影，始终做不到的,7
203,27038183,虎折,P,30,2017-10-07 13:24:01,挺好笑的，但确实言之无物。与过去的自己和解，这么棒的命题被忽略，只能说明创作的目的不在于走心，在走肾，走票房。,1
204,27038183,玄枢,P,30,2017-10-09 11:35:10,梗都是好梗。麻花毕竟社会，节奏拿捏很准。可是互换身体的小瓶装不下过高的评价。,0
205,27038183,谢谢你们的鱼,P,40,2017-09-30 22:37:33,麻花继续发挥了自己的优势，在一个俗套的故事中找寻着笑料和情感的变奏，这一次的进步不仅仅体现在电影感的加强上，还有人物逻辑的面面俱到和各种处理自然的故事转折，互换身份这种烂梗也在麻花的各种巧思设计之下显得异常有趣，国庆档的王者真是当之无愧。,9
206,27038183,冯小强,P,40,2017-10-02 11:08:06,看《羞羞的铁拳》，左边两个女孩，看“中国梦”广告的时候还是标准淑女，喝个奶茶发个自拍说话悄悄的…影片开始半小时，直接就笑的现了原型，排着大腿跺着脚，张着大嘴哈哈哈…基本就是由台湾陈意涵笑成了东北老娘们儿…,18
207,27038183,zykmilan,P,20,2017-10-07 22:45:46,好笑的段子+不及格的故事=凑合乐的喜剧电影,1
208,27038183,Anastasia,P,-time,2017-09-30 23:48:18,6.5 设定不如夏洛讨巧,4
209,27038183,Nikitaa,P,30,2017-10-02 09:47:03,又一个互换身体。铁锅炖自己,7
210,27038183,萌 . 李,P,20,2017-10-07 19:35:05,毫无新意的剧情，中规中矩的套路。笑点仁者见仁，确实有人笑得要抽了，我只在沈腾的几个情节笑了笑…,1
211,27038183,魔云兽,P,50,2017-09-22 21:35:39,这片子要火，马丽和艾伦演得太好玩了！！！全场爆笑！！！！！,22
212,27038183,小蜜蜂嗡嗡嗡,P,20,2017-10-05 21:00:07,老旧的男女互换身体的故事，反复而已不觉得好笑的笑梗，幸好会演戏的演员们都撑得住这一段段，开始半个小时还顺畅，中间开始为了圆而圆，插进秋雅与袁华的出现特尴尬，一点也不好笑啊！！最尴尬的是后半个小时我竟然进入了昏睡的状态.......,9
213,27038183,娜小眼,P,10,2017-10-04 20:58:18,超级烂俗！！！无比狗血！！！！全程每一秒都  尴！尬！到！爆！,16
214,27038183,罗弘霉素,P,40,2017-10-05 12:23:14,合格的爆米花喜剧，开心麻花无论舞台还是影视作品领先其他喜剧团队不止一个档次。希望保证精品率，珍惜招牌。,3
215,27038183,喵锅先森Danbo,P,30,2017-10-02 15:16:24,全片的高潮就是“好运来”~,13
216,27038183,11,P,-time,2017-09-27 07:02:15,又名《打拳吧！女朋友》,10
217,27038183,曾于里,P,40,2017-10-02 13:28:30,身体互换的老梗玩出新花样，笑果十足,25
218,27038183,娘圈圈 瞎比比,P,-time,2017-10-03 01:02:04,男主演得很好，沈老宝刀未老，一剪梅小哥出场一本满足。其他就那么回事儿吧。,4
219,27038183,飘香奶猪,P,30,2017-10-08 22:30:24,不错，比夏洛特差一点，整个故事从结构到小的笑点都有差别。不过开心麻花做得很好啦，支持！,7
220,27038183,时光瘦了,P,40,2017-10-07 23:10:16,好看好看 除了男主的肥肉肉完全看不出来是练拳击的之外,1
